Ticker,Company
AAPL,Apple Inc.
ADP,"Automatic Data Processing, Inc."
AMD,"Advanced Micro Devices, Inc."
AMZN,"Amazon.com, Inc."
AVXL,Anavex Life Sciences Corp.
BULL,Webull Corporation
CAN,Canaan Inc.
CIFR,Cipher Mining Inc.
COIN,"Coinbase Global, Inc."
DDOG,"Datadog, Inc."
DJT,Trump Media & Technology Group Corp.
EU,enCore Energy Corp.
GLXY,Galaxy Digital Inc.
GOOD,Gladstone Commercial Corporation
GOOG,Alphabet Inc.
GOOGL,Alphabet Inc.
HAS,"Hasbro, Inc."
HHS,"Harte Hanks, Inc."
HOOD,"Robinhood Markets, Inc."
HOUR,"Hour Loop, Inc."
IQ,"iQIYI, Inc."
IREN,IREN Limited
LINK,"Interlink Electronics, Inc."
LULU,lululemon athletica inc.
MIND,"MIND Technology, Inc."
MSFT,Microsoft Corporation
MSTR,MicroStrategy Incorporated
NVDA,NVIDIA Corporation
ON,ON Semiconductor Corporation
OPEN,Opendoor Technologies Inc 
PLTR,Palantir Technologies Inc.
REAL,"The RealReal, Inc."
RKLB,Rocket Lab Corporation
SAIL,"SailPoint, Inc."
SAVA,"Cassava Sciences, Inc."
SMCI,"Super Micro Computer, Inc."
SOFI,"SoFi Technologies, Inc. "
TACO,Berto Acquisition Corp.
TBH,"Brag House Holdings, Inc."
TLRY,"Tilray Brands, Inc."
TSLA,"Tesla, Inc. "
TSLL,Direxion Daily TSLA Bull 2X Shares
UK,Ucommune International Ltd 
WEN,Wendy's Company (The)
WTF,Waton Financial Limited
